Workbook

Sheet APAC + JP Activation Plan
B2: Persuasion | C2: GEO | D2: Programmatic (TTD) | E2: Social Awareness | F2: Lead Gen | G2: Total Regional | H2: Estimated Total Leads | I2: CPL
C3: APAC | D3: ='APAC Activation Plan'!D20 -> 43557.56 | E3: ='APAC Activation Plan'!E20 -> 23250 | F3: ='APAC Activation Plan'!F20 -> 37772.44 | G3: ='APAC Activation Plan'!G20 -> 104580 | H3: 210 | I3: 180
C4: Japan | D4: ='JP Activation Plan'!D13 -> 4067 | E4: ='JP Activation Plan'!E13 -> 0 | F4: ='JP Activation Plan'!F13 -> 7553 | G4: ='JP Activation Plan'!G13 -> 11620 | H4: 42 | I4: 180
B6: Precision | C6: Geo | D6: 2 Touch MQLs | E6: CPL | F6: Estimated Total Leads | G6: Total Regional
C7: APAC | D7: 94122 | E7: 60 | F7: 1569 | G7: 94122
C8: Japan | D8: 10458 | E8: 60 | F8: 174 | G8: 10458
B10: Conversion | C10: Geo | D10: 2 Touch MQLs + Pulse Survey | E10: CPL | F10: Estimated Total Leads | G10: Total Regional
C11: APAC | D11: 31374 | E11: 97 | F11: 323 | G11: 31374
C12: Japan | D12: 3486 | E12: 97 | F12: 36 | G12: 3486
C14: Geo | D14: 2 Touch MQLs + Qualification Questions | E14: CPL | F14: Estimated Total Leads | G14: Total Regional
C15: APAC | D15: 31374 | E15: 102 | F15: 308 | G15: 31374
C16: Japan | D16: 3486 | E16: 102 | F16: 34 | G16: 3486
B18: Total Media Spend USD | G18: =ROUND(G3+G4+G7+G8+G11+G12+G15+G16,0) -> 290500
B19: 7% Media Planning & Buying | G19: =ROUND(G22*0.07,0) -> 24500
B20: 6% Media Reporting & Optimisation | G20: =ROUND(G22*0.06,0) -> 21000
B21: 4% Technology & Lead Management: | G21: =ROUND(G22*0.04,0) -> 14000
B22: Total Program Budget USD | G22: =ROUND(G18/(1-0.07-0.06-0.04),0) -> 350000
B25: Persuasion : Paid Media Lead Gen Goals (Q3 FY26)
B26: Region | C26: Platform | D26: Lead-gen Budget | E26: Planning CPL | F26: Commit Leads
B27: ANZ | C27: LinkedIn | D27: 18051 | E27: 301 | F27: 60
B28: ASEAN | C28: LinkedIn | D28: 10066 | E28: 126 | F28: 80
B29: SAARC India | C29: LinkedIn | D29: 6798 | E29: 115 | F29: 59
B30: GCR-HK | C30: LinkedIn | D30: 2858 | E30: 260 | F30: 11
B31: GCR-CN | C31: TTD | D31: 0 | E31: n/a | F31: 0
B32: GCR-TW | C32: TTD | D32: 0 | E32: n/a | F32: 0
B33: KR | C33: TTD | D33: 0 | E33: n/a | F33: 0
B34: Japan | C34: YouTube | D34: 7553 | E34: 180 | F34: 42
B35: APAC subtotal (LinkedIn) | D35: 37772 | E35: 180 | F35: 210
B36: Total incl Japan | D36: 37772 | E36: 180 | F36: 210

Sheet APAC Activation Plan
B2: Client | C2: Cloudflare
B3: Campaign | C3: Q3 FY26 Core Demand Generation : APAC
B4: Quarter | C4: Q3 FY26
B5: Start date | C5: 2026-07-01
B6: End date | C6: 2026-09-30
B7: Duration (days) | C7: 92
B8: APAC budget | C8: $104,580.00
B10: REGIONAL BUDGET SUMMARY (APAC)
B11: GEO | C11: % of APAC | D11: Programmatic (TTD) | E11: Social Awareness (LinkedIn) | F11: Lead Gen (LinkedIn / YouTube) | G11: Total Regional | H11: Channels in scope
B12: ANZ | C12: =G12/$G$20 -> 0.5 | D12: 15739.31 | E12: 18500 | F12: 18050.69 | G12: =SUM(D12:F12) -> 52290 | H12: LinkedIn + TTD
B13: ASEAN | C13: =G13/$G$20 -> 0.19 | D13: 6954.56 | E13: 2850 | F13: 10065.64 | G13: =SUM(D13:F13) -> 19870.2 | H13: LinkedIn + TTD
B14: SAARC (IN) | C14: =G14/$G$20 -> 0.1 | D14: 3660.3 | E14: 0 | F14: 6797.7 | G14: =SUM(D14:F14) -> 10458 | H14: LinkedIn + TTD
B15: GCR - CN | C15: =G15/$G$20 -> 0.035 | D15: 3660.3 | E15: 0 | F15: 0 | G15: =SUM(D15:F15) -> 3660.3 | H15: TTD only (double-gated)
B16: GCR - HK | C16: =G16/$G$20 -> 0.07 | D16: 2562.19 | E16: 1900 | F16: 2858.41 | G16: =SUM(D16:F16) -> 7320.6 | H16: LinkedIn + TTD
B17: GCR - TW | C17: =G17/$G$20 -> 0.035 | D17: 3660.3 | E17: 0 | F17: 0 | G17: =SUM(D17:F17) -> 3660.3 | H17: TTD only
B18: KR | C18: =G18/$G$20 -> 0.07 | D18: 7320.6 | E18: 0 | F18: 0 | G18: =SUM(D18:F18) -> 7320.6 | H18: TTD only
B20: APAC TOTAL | C20: =SUM(C12:C19) -> 1 | D20: =SUM(D12:D19) -> 43557.56 | E20: =SUM(E12:E19) -> 23250 | F20: =SUM(F12:F19) -> 37772.44 | G20: =SUM(G12:G19) -> 104580
B21: SAME BUDGETS, CUT BY ACTUAL PLATFORM (TTD / LinkedIn)
B22: The table above shows budget through CF's channel structure (Prog Awareness / Social Awareness / Social Lead Gen). This table below shows the same dollars by actual platform. TTD is higher than the LinkedIn column in the TTD-only markets because the CN, TW and KR budgets all run on TTD, plus the CN/TW/KR reallocated social (no social platforms in scope) get reallocated to TTD.
B23: Platform | C23: Budget USD | D23: % of APAC | F23: Source breakdown
B24: LinkedIn | C24: 61022.44 | D24: =C24/$C$27 -> 0.5835001 | F24: LinkedIn awareness + lead gen across ANZ, ASEAN, India and HK
B25: TTD | C25: 43557.56 | D25: =C25/$C$27 -> 0.4164999 | F25: All programmatic across CN, TW and KR (TTD-only) plus a retargeting line in every market
B26: Reddit | C26: 0 | D26: =C26/$C$27 -> 0 | F26: Dropped in Q3 (K2). Its ANZ budget moved to LinkedIn lead gen
B27: APAC TOTAL | C27: =SUM(C24:C26) -> 104580 | D27: =SUM(D24:D26) -> 1 | F27: Matches Regional Total of $104,580 (same dollars, different view)
B28: See Platform Allocation sheet for the full reconciliation table.
B32: PROGRAM SCHEDULE : APAC
B33: GEO | C33: Phase | D33: Audience | E33: Platform | F33: Targeting | G33: Weight | H33: Budget USD | I33: CPM | J33: CPC | K33: CTR | L33: Impressions | M33: Clicks | N33: Cost Type
B34: ANZ : $52,290.00 (50.0% of APAC) : LinkedIn (PEYC) + TTD : RIG folded into ANZ LinkedIn, now the PEYC campaign | G34: Regional total → | H34: 52290
B35: ANZ | C35: Programmatic AWR | D35: Decision-makers at TAL accounts (AU + NZ) | E35: TTD | F35: B2Beacon : ABM, seniority and industry baked in on the Bombora push | G35: 0.0669 | H35: 3500 | I35: 18 | J35: =I35/1000/K35 -> 22.5 | K35: 0.0008 | L35: =H35/I35*1000 -> 194444.44 | M35: =L35*K35 -> 155.55556 | N35: CPM
B36: ANZ | C36: Programmatic AWR | D36: Decision-makers in target industries, scaled reach (AU + NZ) | E36: TTD | F36: Premium publisher whitelist + 3PA decision-makers + 3PA target industries | G36: 0.0669 | H36: 3500 | I36: 16 | J36: =I36/1000/K36 -> 20 | K36: 0.0008 | L36: =H36/I36*1000 -> 218750 | M36: =L36*K36 -> 175 | N36: CPM
B37: ANZ | C37: Programmatic RTG | D37: Site visitors, no additional filters (AU + NZ) | E37: TTD | F37: Retargeting : Universal Pixel site-visit pool, no seniority or industry filter | G37: 0.1671 | H37: 8739.31 | I37: 14 | J37: =I37/1000/K37 -> 7.7777778 | K37: 0.0018 | L37: =H37/I37*1000 -> 624236.43 | M37: =L37*K37 -> 1123.6256 | N37: CPM
B38: ANZ | C38: Social Lead Gen | D38: Warm retargeting pools: website all-visitors, AI-security, LP and PEYC-LP 180d, image-clickers and video-viewers 365d, LGF-openers 180d (AU + NZ) | E38: LinkedIn | F38: MOFU Document with LGF (CONSID-DOC) : warm retargeting | G38: 0.2878 | H38: 15050.69 | I38: 78 | J38: =I38/1000/K38 -> 20.526316 | K38: 0.0038 | L38: =H38/I38*1000 -> 192957.56 | M38: =L38*K38 -> 733.23874 | N38: CPM
B39: ANZ | C39: Social AWR | D39: Cold lists plus seniority and function (AU + NZ) | E39: LinkedIn | F39: TOFU Carousel (AWR-CRSL) : website visits | G39: 0.1147 | H39: 6000 | I39: 65 | J39: =I39/1000/K39 -> 16.666667 | K39: 0.0039 | L39: =H39/I39*1000 -> 92307.692 | M39: =L39*K39 -> 360 | N39: CPM
B40: ANZ | C40: Social AWR | D40: Cold lists plus seniority and function, tighter frequency cap (AU + NZ) | E40: LinkedIn | F40: TOFU Video (AWR-VID) : video views, frequency capped | G40: 0.0861 | H40: 4500 | I40: 16 | J40: =I40/1000/K40 -> 22.857143 | K40: 0.0007 | L40: =H40/I40*1000 -> 281250 | M40: =L40*K40 -> 196.875 | N40: CPM
B41: ANZ | C41: Social AWR | D41: LGF openers and submitters plus T3-Extended-TAL (AU + NZ) | E41: LinkedIn | F41: BOFU AI Tour web conversion (BOFU-AI) : web traffic | G41: 0.0861 | H41: 4500 | I41: 37 | J41: =I41/1000/K41 -> 8.8095238 | K41: 0.0042 | L41: =H41/I41*1000 -> 121621.62 | M41: =L41*K41 -> 510.81081 | N41: CPM
B42: ANZ | C42: Social AWR | D42: Cold lists plus seniority and function (AU + NZ) | E42: LinkedIn | F42: TOFU SIA (AWR-SI) : website visits | G42: 0.0669 | H42: 3500 | I42: 40 | J42: =I42/1000/K42 -> 11.428571 | K42: 0.0035 | L42: =H42/I42*1000 -> 87500 | M42: =L42*K42 -> 306.25 | N42: CPM
B43: ANZ | C43: Social Lead Gen | D43: Warm engagers only: image-clickers and video-viewers 365d and LGF-openers 180d; cold company list removed (AU + NZ) | E43: LinkedIn | F43: BOFU Workshop Sign-up SIA with LGF (BOFU-SIA) : warm-only audience | G43: 0.0574 | H43: 3000 | I43: 45 | J43: =I43/1000/K43 -> 15 | K43: 0.003 | L43: =H43/I43*1000 -> 66666.667 | M43: =L43*K43 -> 200 | N43: CPM
B44: subtotal | H44: =SUM(H35:H43) -> 52290
B45: ASEAN : $19,870.20 (19.0% of APAC) : LinkedIn + TTD : awareness SIM 60 / RoA 40 approved, consideration combined across all 6 | G45: Regional total → | H45: 19870.2
B46: ASEAN-SIM | C46: Programmatic AWR | D46: Decision-makers at SIM TAL accounts (SG, MY, ID) | E46: TTD | F46: TAL : B2Beacon ABM, seniority and industry baked in on the Bombora push | G46: 0.0906 | H46: 1800 | I46: 14 | J46: =I46/1000/K46 -> 20 | K46: 0.0007 | L46: =H46/I46*1000 -> 128571.43 | M46: =L46*K46 -> 90 | N46: CPM
B47: ASEAN-SIM | C47: Programmatic AWR | D47: Decision-makers in target industries, SIM scaled reach (SG, MY, ID) | E47: TTD | F47: Premium publisher whitelist + 3PA decision-makers + 3PA target industries | G47: 0.0503 | H47: 1000 | I47: 12 | J47: =I47/1000/K47 -> 20 | K47: 0.0006 | L47: =H47/I47*1000 -> 83333.333 | M47: =L47*K47 -> 50 | N47: CPM
B48: ASEAN-ROA | C48: Programmatic AWR | D48: Decision-makers at ROA TAL accounts (PH, VN, TH) | E48: TTD | F48: TAL : B2Beacon ABM, seniority and industry baked in on the Bombora push | G48: 0.0604 | H48: 1200 | I48: 12 | J48: =I48/1000/K48 -> 24 | K48: 0.0005 | L48: =H48/I48*1000 -> 100000 | M48: =L48*K48 -> 50 | N48: CPM
B49: ASEAN | C49: Programmatic RTG | D49: Site visitors, all 6 ASEAN markets | E49: TTD | F49: Retargeting : Universal Pixel site-visit pool, no additional filters | G49: 0.1487 | H49: 2954.56 | I49: 11 | J49: =I49/1000/K49 -> 6.4705882 | K49: 0.0017 | L49: =H49/I49*1000 -> 268596.36 | M49: =L49*K49 -> 456.61382 | N49: CPM
B50: ASEAN-SIM | C50: Social AWR | D50: IT/security DMs at CF Tier 1-3 accounts (SG, MY, ID), building the ad-engager pool | E50: LinkedIn | F50: TAL : Matched Audiences (Tier 1-3) : engagement objective | G50: 0.0861 | H50: 1710 | I50: 70 | J50: =I50/1000/K50 -> 15.555556 | K50: 0.0045 | L50: =H50/I50*1000 -> 24428.571 | M50: =L50*K50 -> 109.92857 | N50: CPM
B51: ASEAN-ROA | C51: Social AWR | D51: IT/security DMs at CF Tier 1-3 accounts (PH, VN, TH), building the ad-engager pool | E51: LinkedIn | F51: TAL : Matched Audiences (Tier 1-3) : engagement objective | G51: 0.0574 | H51: 1140 | I51: 55 | J51: =I51/1000/K51 -> 13.75 | K51: 0.004 | L51: =H51/I51*1000 -> 20727.273 | M51: =L51*K51 -> 82.909091 | N51: CPM
B52: ASEAN | C52: Social Lead Gen | D52: Web visitors, ad engagers and LGF openers, all 6 ASEAN markets | E52: LinkedIn | F52: CONSID-RTG : Document Ad with LGF | G52: 0.302 | H52: 6000 | I52: 80 | J52: =I52/1000/K52 -> 8.4210526 | K52: 0.0095 | L52: =H52/I52*1000 -> 75000 | M52: =L52*K52 -> 712.5 | N52: CPM
B53: ASEAN | C53: Social Lead Gen | D53: Decision-maker personas by seniority and function, all 6 ASEAN markets | E53: LinkedIn | F53: CONSID-Persona : Document Ad with LGF | G53: 0.2046 | H53: 4065.64 | I53: 80 | J53: =I53/1000/K53 -> 14.545455 | K53: 0.0055 | L53: =H53/I53*1000 -> 50820.5 | M53: =L53*K53 -> 279.51275 | N53: CPM
B54: subtotal | H54: =SUM(H46:H53) -> 19870.2
B55: SAARC (IN) : $10,458.00 (10.0% of APAC) : LinkedIn + TTD : LinkedIn strategy locked, under-200 employee exclusion retained, TTD on the ANZ model | G55: Regional total → | H55: 10458
B56: IN | C56: Programmatic AWR | D56: Decision-makers at India TAL accounts | E56: TTD | F56: TAL : B2Beacon ABM, seniority and industry baked in on the Bombora push | G56: 0.1243 | H56: 1300 | I56: 6 | J56: =I56/1000/K56 -> 5 | K56: 0.0012 | L56: =H56/I56*1000 -> 216666.67 | M56: =L56*K56 -> 260 | N56: CPM
B57: IN | C57: Programmatic AWR | D57: Decision-makers in target industries, scaled India reach | E57: TTD | F57: Premium publisher whitelist + 3PA decision-makers + 3PA target industries | G57: 0.0765 | H57: 800 | I57: 5 | J57: =I57/1000/K57 -> 5 | K57: 0.001 | L57: =H57/I57*1000 -> 160000 | M57: =L57*K57 -> 160 | N57: CPM
B58: IN | C58: Programmatic RTG | D58: Site visitors, no additional filters (India) | E58: TTD | F58: Retargeting : Universal Pixel site-visit pool, no seniority or industry filter | G58: 0.1492 | H58: 1560.3 | I58: 5 | J58: =I58/1000/K58 -> 2.9411765 | K58: 0.0017 | L58: =H58/I58*1000 -> 312060 | M58: =L58*K58 -> 530.502 | N58: CPM
B59: IN | C59: Social Lead Gen | D59: CF Tier 1-3 + updated India TAL, under-200 employee floor retained | E59: LinkedIn | F59: CONSID-TAL : Document Ad with LGF | G59: 0.325 | H59: 3398.85 | I59: 16.58 | J59: =I59/1000/K59 -> 3.0145455 | K59: 0.0055 | L59: =H59/I59*1000 -> 204996.98 | M59: =L59*K59 -> 1127.4834 | N59: CPM
B60: IN | C60: Social Lead Gen | D60: Site visitors and engaged users past 180 days (India) | E60: LinkedIn | F60: CONSID-RTG : Document Ad with LGF | G60: 0.325 | H60: 3398.85 | I60: 7.23 | J60: =I60/1000/K60 -> 0.80333333 | K60: 0.009 | L60: =H60/I60*1000 -> 470103.73 | M60: =L60*K60 -> 4230.9336 | N60: CPM
B61: subtotal | H61: =SUM(H56:H60) -> 10458
B62: GCR-HK : $7,320.60 (7.0% of APAC) : LinkedIn + TTD : Q2 LinkedIn 2 leads, all CONSID-RTG | G62: Regional total → | H62: 7320.6
B63: HK | C63: Programmatic AWR | D63: Decision-makers at HK TAL accounts | E63: TTD | F63: TAL : B2Beacon ABM, seniority and industry baked in on the Bombora push | G63: 0.1229 | H63: 900 | I63: 14 | J63: =I63/1000/K63 -> 17.5 | K63: 0.0008 | L63: =H63/I63*1000 -> 64285.714 | M63: =L63*K63 -> 51.428571 | N63: CPM
B64: HK | C64: Programmatic AWR | D64: Decision-makers in target industries, scaled HK reach | E64: TTD | F64: Premium publisher whitelist + 3PA decision-makers + 3PA target industries | G64: 0.082 | H64: 600 | I64: 12 | J64: =I64/1000/K64 -> 20 | K64: 0.0006 | L64: =H64/I64*1000 -> 50000 | M64: =L64*K64 -> 30 | N64: CPM
B65: HK | C65: Programmatic RTG | D65: Site visitors, no additional filters (HK) | E65: TTD | F65: Retargeting : Universal Pixel site-visit pool, no seniority or industry filter | G65: 0.1451 | H65: 1062.19 | I65: 13 | J65: =I65/1000/K65 -> 7.6470588 | K65: 0.0017 | L65: =H65/I65*1000 -> 81706.923 | M65: =L65*K65 -> 138.90177 | N65: CPM
B66: HK | C66: Social AWR | D66: Tier 1-3 TAL accounts, building the ad-engager pool (HK) | E66: LinkedIn | F66: TAL : Matched Audiences (Tier 1-3) : engagement objective | G66: 0.2595 | H66: 1900 | I66: 80 | J66: =I66/1000/K66 -> 22.857143 | K66: 0.0035 | L66: =H66/I66*1000 -> 23750 | M66: =L66*K66 -> 83.125 | N66: CPM
B67: HK | C67: Social Lead Gen | D67: Site visitors + ad engagers + LGF openers past 180 days (HK) | E67: LinkedIn | F67: CONSID-RTG : Document Ad with LGF | G67: 0.3905 | H67: 2858.41 | I67: 65 | J67: =I67/1000/K67 -> 8.6666667 | K67: 0.0075 | L67: =H67/I67*1000 -> 43975.538 | M67: =L67*K67 -> 329.81654 | N67: CPM
B68: subtotal | H68: =SUM(H63:H67) -> 7320.6
B69: GCR-CN : $3,660.30 (3.5% of APAC) : TTD only : double-gated (regulatory hold + Bombora activation) | G69: Regional total → | H69: 3660.3
B70: CN | C70: Programmatic AWR | D70: IT/security DMs at China enterprise accounts | E70: TTD | F70: TAL : Bombora company list + seniority + job function | G70: 0.175 | H70: 640.56 | I70: 14 | J70: =I70/1000/K70 -> 23.333333 | K70: 0.0006 | L70: =H70/I70*1000 -> 45754.286 | M70: =L70*K70 -> 27.452571 | N70: CPM
B71: CN | C71: Programmatic AWR | D71: Contextual + behavioural segments (China) | E71: TTD | F71: Contextual + Audience Segments | G71: 0.475 | H71: 1738.65 | I71: 12 | J71: =I71/1000/K71 -> 24 | K71: 0.0005 | L71: =H71/I71*1000 -> 144887.5 | M71: =L71*K71 -> 72.44375 | N71: CPM
B72: CN | C72: Programmatic RTG | D72: China site visitors (Universal Pixel) | E72: TTD | F72: Site retargeting : Universal Pixel site-visit pool (China) | G72: 0.35 | H72: 1281.09 | I72: 12 | J72: =I72/1000/K72 -> 8 | K72: 0.0015 | L72: =H72/I72*1000 -> 106757.5 | M72: =L72*K72 -> 160.13625 | N72: CPM
B73: subtotal | H73: =SUM(H70:H72) -> 3660.3
B74: GCR-TW : $3,660.30 (3.5% of APAC) : TTD only : Traditional Chinese | G74: Regional total → | H74: 3660.3
B75: TW | C75: Programmatic AWR | D75: Decision-makers at TW TAL accounts | E75: TTD | F75: TAL : B2Beacon ABM, seniority and industry baked in on the Bombora push | G75: 0.3142 | H75: 1150 | I75: 12 | J75: =I75/1000/K75 -> 15 | K75: 0.0008 | L75: =H75/I75*1000 -> 95833.333 | M75: =L75*K75 -> 76.666667 | N75: CPM
B76: TW | C76: Programmatic AWR | D76: Decision-makers via 3PA role and industry on premium B2B inventory (Taiwan) | E76: TTD | F76: TW publisher whitelist (Bloomberg, Business Next, BusinessToday, CommonWealth, GVM) + 3PA IT/security DMs in target industries | G76: 0.2869 | H76: 1050 | I76: 10 | J76: =I76/1000/K76 -> 16.666667 | K76: 0.0006 | L76: =H76/I76*1000 -> 105000 | M76: =L76*K76 -> 63 | N76: CPM
B77: TW | C77: Programmatic RTG | D77: Site visitors, no additional filters (Taiwan) | E77: TTD | F77: Retargeting : Universal Pixel site-visit pool, no additional filters | G77: 0.399 | H77: 1460.3 | I77: 10 | J77: =I77/1000/K77 -> 5.8823529 | K77: 0.0017 | L77: =H77/I77*1000 -> 146030 | M77: =L77*K77 -> 248.251 | N77: CPM
B78: subtotal | H78: =SUM(H75:H77) -> 3660.3
B79: KR : $7,320.60 (7.0% of APAC) : TTD only : Korean language | G79: Regional total → | H79: 7320.6
B80: KR | C80: Programmatic AWR | D80: Decision-makers at KR TAL accounts | E80: TTD | F80: TAL : B2Beacon ABM, seniority and industry baked in on the Bombora push | G80: 0.3142 | H80: 2300 | I80: 12 | J80: =I80/1000/K80 -> 15 | K80: 0.0008 | L80: =H80/I80*1000 -> 191666.67 | M80: =L80*K80 -> 153.33333 | N80: CPM
B81: KR | C81: Programmatic AWR | D81: Decision-makers via 3PA role and industry on premium B2B inventory (Korea) | E81: TTD | F81: KR publisher whitelist (Bloomberg, WSJ, NEW ID CTV, Chosun Biz, MK, Hankyung) + SP500+ + 3PA IT/security DMs in target industries | G81: 0.2869 | H81: 2100 | I81: 10 | J81: =I81/1000/K81 -> 16.666667 | K81: 0.0006 | L81: =H81/I81*1000 -> 210000 | M81: =L81*K81 -> 126 | N81: CPM
B82: KR | C82: Programmatic RTG | D82: Site visitors, no additional filters (Korea) | E82: TTD | F82: Retargeting : Universal Pixel site-visit pool, no additional filters | G82: 0.399 | H82: 2920.6 | I82: 10 | J82: =I82/1000/K82 -> 5.5555556 | K82: 0.0018 | L82: =H82/I82*1000 -> 292060 | M82: =L82*K82 -> 525.708 | N82: CPM
B83: subtotal | H83: =SUM(H80:H82) -> 7320.6
B84: APAC GRAND TOTAL | H84: =H44+H54+H61+H68+H73+H78+H83 -> 104580

Sheet JP Activation Plan
B2: Client | C2: Cloudflare
B3: Campaign | C3: Q3 FY26 Core Demand Generation : Japan
B4: Quarter | C4: Q3 FY26
B5: Start date | C5: 2026-07-01
B6: End date | C6: 2026-09-30
B7: Duration (days) | C7: cl
B8: JP budget | C8: $11,620.00
B9: Key change | C9: LINE replaced by YouTube via Google Ads, built as one Demand Gen campaign with channel controls set to YouTube only. Targeting is rebuilt on Google-native tools because YouTube accepts no Bombora or third-party audience on any platform, including DV360. Native lead form on mobile and tablet, awareness on desktop via Floodlight. Floodlight retargeting carries the lead-gen weight.
B11: REGIONAL BUDGET SUMMARY (JP)
B12: GEO | C12: % of JP | D12: Programmatic (TTD) | E12: Social Awareness (LinkedIn) | F12: Lead Gen (YouTube) | G12: Total | H12: Channels in scope
B13: Japan | C13: 1 | D13: 4067 | E13: 0 | F13: 7553 | G13: =SUM(D13:F13) -> 11620 | H13: TTD + YouTube (Google Ads, Demand Gen)
B15: PROGRAM SCHEDULE : JAPAN
B16: GEO | C16: Phase | D16: Audience | E16: Platform | F16: Targeting | G16: Weight | H16: Budget USD | I16: CPM | J16: CPC | K16: CTR | L16: Impressions | M16: Clicks | N16: Cost Type
B17: Japan : $11,620 | YouTube via Google Ads (Demand Gen) | TTD continues for reach | G17: Regional total → | H17: 11620
B18: Japan | C18: Programmatic AWR | D18: JP enterprise TAL accounts, IT and security DMs | E18: TTD | F18: TAL : Bombora B2Beacon company list + seniority + job function | G18: 0.11 | H18: 1300 | I18: 14 | J18: =I18/1000/K18 -> 20 | K18: 0.0007 | L18: =H18/I18*1000 -> 92857.143 | M18: =L18*K18 -> 65 | N18: CPM
B19: Japan | C19: Programmatic AWR | D19: JP business and tech inventory + IT/security DMs | E19: TTD | F19: Whitelist + 3PA : curated JP publisher whitelist (Bloomberg CTV, Nikkei Business) + 3PA IT/security DMs (seniority + function) | G19: 0.1 | H19: 1140 | I19: 12 | J19: =I19/1000/K19 -> 20 | K19: 0.0006 | L19: =H19/I19*1000 -> 95000 | M19: =L19*K19 -> 57 | N19: CPM
B20: Japan | C20: Programmatic RTG | D20: Site visitors, no additional filters (Japan) | E20: TTD | F20: RTG : Universal Pixel site-visit pool, web conversions | G20: 0.14 | H20: 1627 | I20: 10 | J20: =I20/1000/K20 -> 5.8823529 | K20: 0.0017 | L20: =H20/I20*1000 -> 162700 | M20: =L20*K20 -> 276.59 | N20: CPM
B21: Japan | C21: Lead gen | D21: Infrastructure-intent searchers + TAL accounts (JP) | E21: Google Ads (YouTube) | F21: Custom Segments (DDoS, CDN, Zero Trust, WAF, edge) + Customer Match for TAL accounts. Demand Gen, lead form on mobile, awareness on desktop | G21: 0.15 | H21: 1743 | I21: 12 | J21: =I21/1000/K21 -> 3 | K21: 0.004 | L21: =H21/I21*1000 -> 145250 | M21: =L21*K21 -> 581 | N21: CPM
B22: Japan | C22: Lead gen | D22: DM personas by interest and category research (JP) | E22: Google Ads (YouTube) | F22: Affinity + In-market (Network Security, Cloud Services). Demand Gen, lead form on mobile, awareness on desktop | G22: 0.15 | H22: 1743 | I22: 11 | J22: =I22/1000/K22 -> 3.1428571 | K22: 0.0035 | L22: =H22/I22*1000 -> 158454.55 | M22: =L22*K22 -> 554.59091 | N22: CPM
B23: Japan | C23: Lead gen | D23: Site visitors past 180 days (JP) | E23: Google Ads (YouTube) | F23: Floodlight retargeting (JP visitors 180d), Demand Gen ad group, carries the lead-gen weight | G23: 0.35 | H23: 4067 | I23: 10 | J23: =I23/1000/K23 -> 2.2222222 | K23: 0.0045 | L23: =H23/I23*1000 -> 406700 | M23: =L23*K23 -> 1830.15 | N23: CPM
B24: JP subtotal | H24: =SUM(H18:H23) -> 11620
B26: ALTERNATIVE CHANNEL CONSIDERATIONS FOR JAPAN
B28: YouTube via Google Ads (selected) | C28: One Demand Gen campaign, channel controls set to YouTube only (in-stream, in-feed, Shorts), off Gmail, Discover and the Display Network. Google-native targeting (Custom Segments, Customer Match, Affinity and In-market, Floodlight retargeting) because YouTube accepts no Bombora or third-party audience on any platform, including DV360. Native lead form on mobile and tablet, where the bulk of Japan watches; desktop has no form and drives to the JP landing page as awareness, captured via Floodlight. Chosen over DV360 because Google Ads gives the native lead form and Google-native targeting DV360 cannot, on the same YouTube inventory.
B29: Yahoo! Japan Ads | C29: Largest reach platform in Japan with strong B2B audience. Display, search, and DSP capability. Considered as alternative if Google Ads onboarding lift (advertiser verification, channel access) proves too high.
B30: X Twitter Japan | C30: Active B2B audience including Japanese IT and security communities. Lead generation cards available. Considered as social-channel alternative if CF requires a social platform.
B31: Native publishers (Nikkei BizGate, ITmedia, NewsPicks) | C31: Premium B2B audience for direct buys. Higher CPMs and smaller scale. Considered for niche premium reach if needed in Q3+.
B32: LinkedIn Japan (not approved) | C32: Native LGF attribution and B2B audience density (4M+ Japanese professionals). Not approved by CF team for Q3 Japan media.
B33: LINE (removed from Q3) | C33: Q2 delivered 5.71M impressions and 39,053 clicks at 88% pacing but Zaraz incompatibility meant no attribution path. Removed from Q3 to redirect spend to a trackable channel.

Sheet Platform Allocation
B2: Platform Allocation Summary
B3: Actual platform-level spend. Reconciles to total budget but cuts the view by platform rather than channel bucket.
B5: APAC : Platform Allocation
B6: Platform | D6: Budget USD | E6: % of APAC | F6: In-scope GEOs
B7: LinkedIn | D7: 61022.44 | E7: =D7/$D$10 -> 0.5835001 | F7: ANZ, ASEAN (SIM + RoA), SAARC India, GCR-HK
B8: TTD | D8: 43557.56 | E8: =D8/$D$10 -> 0.4164999 | F8: All programmatic, incl CN, TW and KR (TTD-only) and a retargeting line in every market
B9: Reddit | D9: 0 | E9: =D9/$D$10 -> 0 | F9: Dropped in Q3 (K2). Its ANZ budget moved to LinkedIn lead gen
B10: APAC TOTAL | D10: =SUM(D7:D9) -> 104580 | E10: =SUM(E7:E9) -> 1
B12: Japan : Platform Allocation
B13: Platform | D13: Budget USD | E13: % of JP | F13: In-scope
B14: Google Ads (YouTube) | D14: 7553 | E14: 0.65 | F14: Japan (YouTube via Google Ads, Demand Gen)
B15: TTD | D15: 4067 | E15: 0.35 | F15: Japan
B16: JP TOTAL | D16: 11620 | E16: 1
B18: Program total (APAC + JP)
B19: Platform | D19: Budget USD | E19: % of Total
B20: LinkedIn | D20: 61022.44 | E20: =D20/$D$24 -> 0.52515009
B21: TTD | D21: 47624.56 | E21: =D21/$D$24 -> 0.40984991
B22: Reddit | D22: 0 | E22: =D22/$D$24 -> 0
B23: Google Ads (YouTube) | D23: 7553 | E23: =D23/$D$24 -> 0.065
B24: TOTAL | D24: =SUM(D20:D23) -> 116200 | E24: =SUM(E20:E23) -> 1
B26: Why TTD is the largest platform
B27: TTD carries $43,558 of APAC because CN, TW and KR run TTD-only (no social platform in those markets) and because every market now has a dedicated TTD retargeting line. LinkedIn carries $61,022 across ANZ, ASEAN, India and HK. Reddit is dropped. The summary tables on the Activation Plan sheets show budget through the channel buckets; this sheet shows the same dollars by platform.
B29: TTD reconciliation by market type
B30: GEO | C30: Source | D30: Amount | F30: Note
B31: ANZ, ASEAN, India, HK | C31: TTD within social markets | D31: 28916.36 | F31: B2Beacon, whitelist + 3PA and a retargeting line in each
B32: CN, TW, KR | C32: TTD-only markets | D32: 14641.2 | F32: Full market budget on TTD, no social platform in scope
B33: APAC TTD TOTAL | D33: =D31+D32 -> 43557.56 | F33: Matches APAC TTD above
